Months,Post URL,Date,Remarks
January,https://www.linkedin.com/posts/krishnaprakash123_kalpataru-sanatanadharma-vasudhaivakutumbakam-activity-7147423185318068224-Rg5q?utm_source=share&utm_medium=member_desktop,"Mon, 01 Jan 2024",Celebrating Kalpataru Day: Honoring Sri Ramakrishna's legacy and renewing our commitment to spiritual growth and global unity.
January,https://www.linkedin.com/posts/krishnaprakash123_chennai-floods-sanskrit-college-today-activity-7149039312716652544-g2_R?utm_source=share&utm_medium=member_desktop,"Fri, 05 Jan 2024",Reposted this post from Ravindran Krishnan. Chennai floods and  Sanskrit College.
January,https://www.linkedin.com/posts/krishnaprakash123_check-out-this-job-at-vedanta-wisdom-trust-activity-7150111297810968577-XTMP?utm_source=share&utm_medium=member_desktop,"Mon, 08 Jan 2024",Shared job at Vedanta Wisdom Trust: Project Manager-NGO
January,https://www.linkedin.com/posts/krishnaprakash123_dharma-vasudhaivakutumbakam-rama-activity-7150164971400699906--wpL?utm_source=share&utm_medium=member_desktop,"Mon, 08 Jan 2024",A simple and heartfelt conversation about the importance of Dharma and living a meaningful life took place in a village. This conversation was sparked by a traditional event and highlights the need to reconnect with our spiritual heritage.
January,https://www.linkedin.com/posts/varuldevpfc_how-do-we-practice-life-are-we-aware-that-ugcPost-7150710528410009601-Y70U?utm_source=share&utm_medium=member_desktop,"Wed, 10 Jan 2024","Reposted this post from Arul Dev. Answering the question ""How do we practice life?""."
January,https://www.linkedin.com/posts/kalyangullapalli_rediscoveringbharat-ugcPost-7150745040376467456-H1TH?utm_source=share&utm_medium=member_desktop,"Wed, 10 Jan 2024",Reposted this post from Kalyan Gullapalli. Odisha's maritime prowess: A forgotten chapter of India's history.
January,https://www.linkedin.com/posts/krishnaprakash123_9-subjects-that-should-be-taught-in-every-activity-7151032445197258752-YQL7?utm_source=share&utm_medium=member_desktop,"Thu, 11 Jan 2024",Reposted a post from Marcus Frick. 9 subjects that should be taught in every classroom.
January,https://www.linkedin.com/posts/krishnaprakash123_linkedin-indicwisdom-goals-activity-7151037404634603521-bn0b?utm_source=share&utm_medium=member_desktop,"Thu, 11 Jan 2024",Shrimath Yoga's year-end retreat brought together diverse leaders for self-discovery. The program's success has led to the announcement of the next batch.
January,https://www.linkedin.com/posts/prof-krishnamurthy-v-subramanian-220b1068_in-charts-how-india-has-changed-under-narendra-activity-7150669012169879552-Kp8K?utm_source=share&utm_medium=member_desktop,"Thu, 11 Jan 2024","Reposted this from Prof. Krishnamurthy V Subramanian. Engineer-turned-economist praises India's tech-driven welfare delivery, highlighting Aadhaar's role in reducing leakages."
January,https://www.linkedin.com/posts/krishnaprakash123_newyear2024-activity-7151140289301086208-8lyv?utm_source=share&utm_medium=member_desktop,"Thu, 11 Jan 2024","A father-daughter dialogue unravels the power of the mind, drawing parallels between Hanuman Ji's wisdom and modern-day life. The importance of mindfulness and a childlike approach to life is emphasized."
January,https://www.linkedin.com/posts/krishnaprakash123_insideoutgame-yoganidra-indicwisdom-activity-7151489635880189953-_5bh?utm_source=share&utm_medium=member_desktop,"Fri, 12 Jan 2024",Reposted from Ashutosh Singh. LinkedIn Live with Yogacharya Krishna
January,https://www.linkedin.com/posts/krishnaprakash123_locating-ravanas-lanka-activity-7151569083036000257-njH3?utm_source=share&utm_medium=member_desktop,"Fri, 12 Jan 2024",Reposted from Jayasree Saranathan. Research work on finding out the location of Ravana's Lanka
January,https://www.linkedin.com/posts/jankivedanta_home-activity-7151845759703756800-4QW8?utm_source=share&utm_medium=member_desktop,"Sat, 13 Jan 2024",Reposted from Dr. Janki Santoke. The knowledge of life and living discovered by the seers of ancient India.
January,https://www.linkedin.com/posts/krishnaprakash123_cow-indicwisdom-activity-7153006161376542720-qv1V?utm_source=share&utm_medium=member_desktop,"Tue, 16 Jan 2024","Reviving ancient wisdom: A call to explore the benefits of cow-based products, citing personal experience and encouraging further research."
January,https://www.linkedin.com/posts/krishnaprakash123_bharata-vasudhaivakutumbakam-order-activity-7153195948943228928-LTg3?utm_source=share&utm_medium=member_desktop,"Wed, 17 Jan 2024","Kendra Scott's passion-driven philosophy combined with insights into India's cultural and spiritual depth, emphasizing the power of the feminine principle and the nation's inclusive ethos."
January,https://www.linkedin.com/posts/coachsrikanth_coaching-paneldiscussion-continuouslearning-activity-7153227793676333056-h5yT?utm_source=share&utm_medium=member_desktop,"Wed, 17 Jan 2024",Challenge the coaching status quo. Deep dive into mastery vs. technique. Join panel discussion on building an authentic coaching business.
January,https://www.linkedin.com/posts/krishnaprakash123_holistic-visioning-leadershipdevelopment-activity-7153310405149233154-abLy?utm_source=share&utm_medium=member_desktop,"Wed, 17 Jan 2024",Reposted this from Deepa Mahesh. Unleash Your Potential with Conscious Leadership. Discover a proven method for holistic goal setting and manifestation. Join our Feb 7th workshop to shape your extraordinary 2024.
January,https://www.linkedin.com/posts/lakshansrikanthan_ive-been-in-the-coaching-business-for-about-activity-7153262253234962432-WK1v?utm_source=share&utm_medium=member_desktop,"Wed, 17 Jan 2024",Reposted this post from Lakshan Srikanthan. Build your practice with top coaches' insights. Join our panel discussion on Jan 17th.
January,https://www.linkedin.com/posts/activity-7153667117723078657-W6kf?utm_source=share&utm_medium=member_desktop,"Thu, 18 Jan 2024",Reposted this post from Raghava KrishnaRaghava Krishna. Brhat partners with Amrita University to cultivate civilizational leadership through Dharma-based pedagogy
January,https://www.linkedin.com/posts/krishnaprakash123_insideoutgame-yoganidra-indicwisdom-activity-7153908717489418240-Mh8Q?utm_source=share&utm_medium=member_desktop,"Fri, 19 Jan 2024",Reposted this post from Ashutosh Singh. Shrimath Yoga thanks Ashutosh Singh for sharing Yoga Nidra insights on LinkedIn.
January,https://www.linkedin.com/posts/kalyangullapalli_rediscoveringbharat-activity-7154291446534094848-6aoR?utm_source=share&utm_medium=member_desktop,"Sat, 20 Jan 2024",Reposted this post from Kalyan GullapalliKalyan Gullapalli. Unraveling the depths of the Gita: A quest to understand Dharma and the true essence of Rama.
January,https://www.linkedin.com/posts/krishnaprakash123_awareness-ayodhya-vasudhaivakutumbakam-activity-7155021599060938752-PIC-?utm_source=share&utm_medium=member_desktop,"Mon, 22 Jan 2024","A father-daughter dialogue on the significance of the Ram temple inauguration, emphasizing the concepts of Dharma, unity, and resilience."
January,https://www.linkedin.com/posts/krishnaprakash123_the-jewels-of-shri-rams-legacy-activity-7155092069114433536-xYbu?utm_source=share&utm_medium=member_desktop,"Mon, 22 Jan 2024","Shri Rama's life, a testament to Dharma: Embracing uncertainty, practicing compassion, and finding inner peace amidst life's challenges."
January,https://www.linkedin.com/posts/jankivedanta_booklaunch-thehappinessguarantee-drjankisantoke-activity-7155136867842039809-jHxe?utm_source=share&utm_medium=member_desktop,"Mon, 22 Jan 2024",Book launch of Dr. Janki Santoke's
January,https://www.linkedin.com/posts/krishnaprakash123_yoganidra-stressmanagement-selfawareness-activity-7155446558593839104-i9yF?utm_source=share&utm_medium=member_desktop,"Tue, 23 Jan 2024","Discover true happiness through grace, not achievement. Ancient wisdom and practices like yoga can help you tune into your purpose and identity."
January,https://www.linkedin.com/posts/hariharandinesh_newbeginnings-newopening-newopenings-activity-7155548279198355456-VoZA?utm_source=share&utm_medium=member_desktop,"Tue, 23 Jan 2024",Reposted post from Dinesh Hariharan (DH). Vaango | Devyani International Limited Now Serving - Port Blair
January,https://www.linkedin.com/posts/krishnaprakash123_the-greatest-lesson-from-the-life-of-veda-activity-7155809224311083008-UFFP?utm_source=share&utm_medium=member_desktop,"Wed, 24 Jan 2024","Veda Vyasa: Master curator and knowledge architect. Learn, apply, and grow without reinventing the wheel."
January,https://www.linkedin.com/posts/ravindran-krishnan-37a989a_sanskrit-college-and-chennai-floods-todays-activity-7155858816616615938-DTQf?utm_source=share&utm_medium=member_desktop,"Wed, 24 Jan 2024",Reposted post from Ravindran Krishnan. Sanskrit College and Chennai floods
January,https://www.linkedin.com/posts/atul-kumar-kuthiala-0638b21_questions-on-the-internet-to-whos-who-of-activity-7149572374424633344-hu9Y?utm_source=share&utm_medium=member_desktop,"Thu, 25 Jan 2024","Reposted post from Atul Kumar Kuthiala. Author challenges established timelines of Vedic period and Mahabharata war, citing inconsistencies in scholarly consensus and outdated methodologies."
January,https://www.linkedin.com/posts/krishnaprakash123_we-live-in-a-highly-uncertain-world-you-activity-7156171988078596096-W6_5?utm_source=share&utm_medium=member_desktop,"Thu, 25 Jan 2024",Cultivate inner stability amidst life's uncertainties. Antar Mouna: The kite and its handler.
January,https://www.linkedin.com/posts/krishnaprakash123_shrimathyoga-innerpeace-mindfulness-activity-7156533789051998208-cDbh?utm_source=share&utm_medium=member_desktop,"Fri, 26 Jan 2024","Shrimath Yoga: Escape the noise, rediscover yourself. Unplug, recharge, and awaken your inner wisdom."
January,https://www.linkedin.com/posts/jankivedanta_booklaunch-thehappinessguarantee-drjankisantoke-activity-7156557642054676480-4_A5?utm_source=share&utm_medium=member_desktop,"Fri, 26 Jan 2024",Book launch of Dr. Janki Santoke's
January,https://www.linkedin.com/posts/krishnaprakash123_vedanta-through-your-own-eyes-activity-7156897140789678080-w6hN?utm_source=share&utm_medium=member_desktop,"Sat, 27 Jan 2024",Unveiling the 20 values of Dharma from the battlefield. Day 2 at Shrimath Yoga explores practical application of Gita's wisdom in everyday life.
January,https://www.linkedin.com/posts/krishnaprakash123_yogicwisdom-fearlessliving-indicwisdom-activity-7157260984959598592-ExH3?utm_source=share&utm_medium=member_desktop,"Sun, 28 Jan 2024","Conquer fear, embrace courage. Yoga's path to Abhayam: Discover inner strength, authenticity, and freedom."
January,https://www.linkedin.com/posts/goldie-uttamchandani_listening-no-judgement-ugcPost-7155558038446235648-Ve5i?utm_source=share&utm_medium=member_desktop,"Sun, 28 Jan 2024",Reposted post from Goldie UttamchandaniGoldie Uttamchandani. Active listening and non-judgment are key to building strong teen relationships.
January,https://www.linkedin.com/posts/krishnaprakash123_selfrealization-bhagavadgita-awareness-activity-7157623392366424064-3Ip3?utm_source=share&utm_medium=member_desktop,"Mon, 29 Jan 2024",Discover the path within. Cultivate your inner garden with Bhagavad Gita's wisdom. Take the first step today.
January,https://www.linkedin.com/posts/krishnaprakash123_abundance-with-yoga-nidra-activity-7157989108194172928-uPmI?utm_source=share&utm_medium=member_desktop,"Tue, 30 Jan 2024","Shift from scarcity to abundance with Yoga Nidra. Cultivate gratitude, unlock potential, and experience life's infinite flow."
February,https://www.linkedin.com/posts/krishnaprakash123_i-met-coach-srikanth-in-september-2023-when-activity-7158755117880467456-HoaQ?utm_source=share&utm_medium=member_desktop,"Thu, 01 Feb 2024","Discover the power of 1-on-1s with Coach Srikanth! Learn how to elevate relationships, boost productivity, and drive business growth"
February,https://www.linkedin.com/posts/krishnaprakash123_thehappinessguarantee-drjankisantoke-vedanta-activity-7158966298121551872-3kDS?utm_source=share&utm_medium=member_desktop,"Thu, 01 Feb 2024",Reposted the post from  Dr. Janki Santoke's. Link to order book.
February,https://www.linkedin.com/feed/update/urn:li:activity:7158966337245990912?utm_source=share&utm_medium=member_desktop,"Thu, 01 Feb 2024",Reposted the post from Dr. Janki Santoke's. Link to order book.
February,https://www.linkedin.com/posts/kalyangullapalli_rediscoveringbharat-activity-7158987389317570560-UI5U?utm_source=share&utm_medium=member_desktop,"Fri, 02 Feb 2024","Reposted the post from Kalyan Gullapalli. Son's curiosity about Indic Inspirations leads to a heartwarming exploration of Indian history and art through ""The Preamble"" product. A beautiful display of national pride in the home."
February,https://www.linkedin.com/posts/krishnaprakash123_veda-the-timeless-wisdom-activity-7159083191314636800-MA_3?utm_source=share&utm_medium=member_desktop,"Fri, 02 Feb 2024","The Veda: A timeless source of infinite wisdom, challenging modern perspectives and inspiring limitless potential for individuals and organizations."
February,https://www.linkedin.com/posts/krishnaprakash123_guru-spiritualgps-indicwisdom-activity-7159458436504592384-x80D?utm_source=share&utm_medium=member_desktop,"Sat, 03 Feb 2024","Navigate your spiritual journey Shrimath Yoga,."
February,https://www.linkedin.com/posts/krishnaprakash123_trauma-shrimathyoga-indicwisdom-activity-7159796765586608129-F_Dt?utm_source=share&utm_medium=member_desktop,"Sun, 04 Feb 2024","Breathe in the serenity of Shrimath Yoga, and let its magic guide you towards a more mindful, balanced you."
February,https://www.linkedin.com/posts/donnellychris_productivity-activity-7157718354110091265-RDhy?utm_source=share&utm_medium=member_desktop,"Sun, 04 Feb 2024",Reposted the post from Chris Donnelly.  Free Productivity courses for anyone wanting to Develop themselves in 2024.
February,https://www.linkedin.com/posts/krishnaprakash123_start-your-journey-to-awareness-activity-7160157719801270272-CB7G?utm_source=share&utm_medium=member_desktop,"Mon, 05 Feb 2024","Rediscover the magic of the present moment. Slow down, breathe, and embrace the beauty of now."
February,https://www.linkedin.com/posts/krishnaprakash123_yoga-of-abhayam-activity-7160523351910666242-2Vq-?utm_source=share&utm_medium=member_desktop,"Tue, 06 Feb 2024",Conquer fear through self-discovery and spiritual practice. Embrace your inner strength and cultivate a peaceful mind.
February,https://www.linkedin.com/posts/shankarswisdom_bhashadaan-an-crowdsourcing-initiative-activity-7160617260498198528-CUxP?utm_source=share&utm_medium=member_desktop,"Tue, 06 Feb 2024","Reposted the post from Shankar Jayaraman Digital Mentor CoachShankar Jayaraman Digital Mentor Coach. Personal Growth, Professional Development."
February,https://www.linkedin.com/posts/april-strong_information-knowledge-clarity-ugcPost-7160123683708043264-oVcR?utm_source=share&utm_medium=member_desktop,"Tue, 06 Feb 2024","Reposted the post from April Strong. Knowledge, clarity."
February,https://www.linkedin.com/posts/krishnaprakash123_the-divine-feminine-nidra-activity-7160917153662046209-XyMQ?utm_source=share&utm_medium=member_desktop,"Wed, 07 Feb 2024",The Devine Feminine.
February,https://www.linkedin.com/posts/krishnaprakash123_discover-the-essence-of-silence-activity-7161246806104842242-nCSx?utm_source=share&utm_medium=member_desktop,"Thu, 08 Feb 2024",The Essence of silence.
February,https://www.linkedin.com/posts/krishnaprakash123_vyasa-ganapati-and-gita-activity-7161653467273449472-dHR1?utm_source=share&utm_medium=member_desktop,"Fri, 09 Feb 2024","Vyas, Ganapati and Geeta"
February,https://www.linkedin.com/posts/krishnaprakash123_the-benefits-of-worshiping-r%C4%81ja-shy%C4%81mala-activity-7162080762324791297-2WOk?utm_source=share&utm_medium=member_desktop,"Sat, 10 Feb 2024",Shyamala Navratri
February,https://www.linkedin.com/posts/krishnaprakash123_after-a-series-of-high-on-creative-today-activity-7162410295003475968-wZHx?utm_source=share&utm_medium=member_desktop,"Sun, 11 Feb 2024",Ma Sharada Sringeri
February,https://www.linkedin.com/posts/krishnaprakash123_suswasaspace-activity-7162658820568047616-WQ1U?utm_source=share&utm_medium=member_desktop,"Mon, 12 Feb 2024",Integrate self-awareness micro-practices into your day-to-day activities
February,https://www.linkedin.com/posts/krishnaprakash123_how-to-overcome-fear-activity-7162696919377539073-_p2E?utm_source=share&utm_medium=member_desktop,"Mon, 12 Feb 2024",Abhayam
February,https://www.linkedin.com/posts/krishnaprakash123_persuasion-is-the-ability-to-convince-activity-7163052609879146496-HC3d?utm_source=share&utm_medium=member_desktop,"Tue, 13 Feb 2024",Amazing opportunity from  The EliteTrainer.
February,https://www.linkedin.com/posts/krishnaprakash123_gita-activity-7163056953835900928-SqT8?utm_source=share&utm_medium=member_desktop,"Tue, 13 Feb 2024",Arjunas Dharma Sankata.
February,https://www.linkedin.com/feed/update/urn:li:activity:7163157771515871234?utm_source=share&utm_medium=member_desktop,"Tue, 13 Feb 2024","Goal setting by Mumbai HR, Its Only about Human Resources."
February,https://www.linkedin.com/posts/krishnaprakash123_dialogues-with-a-strong-daughter-activity-7163420429393575937-QhxV?utm_source=share&utm_medium=member_desktop,"Wed, 14 Feb 2024",Dialogues with a strong daughter.
February,https://www.linkedin.com/feed/update/urn:li:activity:7163771751456264192?utm_source=share&utm_medium=member_desktop,"Thu, 15 Feb 2024","Entrepreneurship, Business Success."
February,https://www.linkedin.com/posts/krishnaprakash123_yoga-for-girls-activity-7163791463695208449-Hqsg?utm_source=share&utm_medium=member_desktop,"Thu, 15 Feb 2024",Rooted and rising.
February,https://www.linkedin.com/posts/krishnaprakash123_shrimathyoga-sunsalutation-indicwisdom-activity-7163903009360474112-tsIc?utm_source=share&utm_medium=member_desktop,"Thu, 15 Feb 2024",Ratha Saptalo
February,https://www.linkedin.com/posts/krishnaprakash123_bheeshma-activity-7164289604370546688-G8us?utm_source=share&utm_medium=member_desktop,"Fri, 16 Feb 2024",Bheeshma
February,https://www.linkedin.com/posts/krishnaprakash123_calendar-climate-lunar-cycles-ritu-chariya-activity-7165141508793335808-Yy2I?utm_source=share&utm_medium=member_desktop,"Mon, 19 Feb 2024","Reposted the post from Kunal Kapoor. Author correlates ancient Indian calendar, climate patterns, and cultural events, emphasizing the wisdom of the land and its potential for technological advancement."
February,https://www.linkedin.com/posts/krishnaprakash123_communication-training-professionaldevelopment-activity-7165233381012688898-ke_-?utm_source=share&utm_medium=member_desktop,"Mon, 19 Feb 2024","Communication, Training, Sales."
February,https://www.linkedin.com/feed/update/urn:li:activity:7165233408766410753?utm_source=share&utm_medium=member_desktop,"Mon, 19 Feb 2024","Communication, Training, Sales."
February,https://www.linkedin.com/posts/krishnaprakash123_a-legacy-of-courage-chhatrapati-shiv%C4%81ji-activity-7165244845526073347-XqIv?utm_source=share&utm_medium=member_desktop,"Mon, 19 Feb 2024","A legacy of courage, leadership and self belief."
February,https://www.linkedin.com/posts/krishnaprakash123_entrepreneur-spotlight-coaching-activity-7165579218263764992-696Q?utm_source=share&utm_medium=member_desktop,"Tue, 20 Feb 2024",The Entrepreneur spotlight. 
February,https://www.linkedin.com/feed/update/urn:li:activity:7165579257560117248?utm_source=share&utm_medium=member_desktop,"Tue, 20 Feb 2024",The Entrepreneur spotlight. 
February,https://www.linkedin.com/posts/krishnaprakash123_indicwisdom-mindset-lifelonglearning-activity-7165594546276327424-EL8d?utm_source=share&utm_medium=member_desktop,"Tue, 20 Feb 2024",Lifelong learning.
February,https://www.linkedin.com/posts/krishnaprakash123_yoga-nidra-to-activate-alpha-brain-waves-activity-7165987916643581955-nfNJ?utm_source=share&utm_medium=member_desktop,"Wed, 21 Feb 2024",Inner peace and self discovery.
February,https://www.linkedin.com/posts/krishnaprakash123_yogaforgirls-selfdiscovery-indicwisdom-activity-7166342167861379073-Jsk4?utm_source=share&utm_medium=member_desktop,"Thu, 22 Feb 2024",Yoga for girls.
February,https://www.linkedin.com/posts/tridib-bordoloi-51197011_watch-supremecourtofindia-chiefjusticeofindia-ugcPost-7166411115185336320-GZM0?utm_source=share&utm_medium=member_desktop,"Thu, 22 Feb 2024","CJI DY Chandrachud, reveals how PM Modi helped him during his battle with Covid."
February,https://www.linkedin.com/posts/krishnaprakash123_corporatetraining-executivecoaching-mentoring-activity-7166660628680556546-ZS_s?utm_source=share&utm_medium=member_desktop,"Fri, 23 Feb 2024","Mindset coach, mentoring, communication skills"
February,https://www.linkedin.com/feed/update/urn:li:activity:7166660657835139072?utm_source=share&utm_medium=member_desktop,"Fri, 23 Feb 2024","Mindset coach, mentoring, communication skills"
February,https://www.linkedin.com/posts/krishnaprakash123_dharma-sankata-activity-7166706784563318784-IIdR?utm_source=share&utm_medium=member_desktop,"Fri, 23 Feb 2024",How to make a choice?
February,https://www.linkedin.com/posts/krishnaprakash123_yogaforgirls-shrimathyoga-culture-activity-7167053178314633216-HEFa?utm_source=share&utm_medium=member_desktop,"Sat, 24 Feb 2024","Yoga for girls, Culture"
February,https://www.linkedin.com/posts/kunal-kapoor-560661270_incubator-to-build-for-bharat-in-rural-madhya-ugcPost-7167054408818667520-Otq2?utm_source=share&utm_medium=member_desktop,"Sat, 24 Feb 2024",Collaborate on a Community  driven Learning Crucible.
February,https://www.linkedin.com/posts/kalyangullapalli_rediscoveringbharat-activity-7167337405514027008-cVZ6?utm_source=share&utm_medium=member_desktop,"Sun, 25 Feb 2024",Rediscovering Bharat.
February,https://www.linkedin.com/posts/krishnaprakash123_yogamudra-mindfulness-shrimathyoga-activity-7167457453704404992-O_pk?utm_source=share&utm_medium=member_desktop,"Sun, 25 Feb 2024",Unlock the power of listining with yoga mudra.
February,https://www.linkedin.com/posts/krishnaprakash123_fellow-seekers-introduction-activity-7167774162692886528-uhEZ?utm_source=share&utm_medium=member_desktop,"Mon, 26 Feb 2024",Ancient principles for modern living.
February,https://www.linkedin.com/posts/krishnaprakash123_leadership-motivation-inspiring-activity-7167889237067911168-A0fN?utm_source=share&utm_medium=member_desktop,"Mon, 26 Feb 2024","Through hashtag Gita we understand that unfavourable situations are favourable situations for learning, growth & maturity."
February,https://www.linkedin.com/posts/bhavananiab_wonderful-states-conclave-by-yoga-iya-at-ugcPost-7168119371964305408-hZRu?utm_source=share&utm_medium=member_desktop,"Tue, 27 Feb 2024",Wonderful States Conclave by Yoga IYA at artofliving bangalore.
February,https://www.linkedin.com/posts/krishnaprakash123_coaching-selfdiscovery-indicwisdom-activity-7168492566647164928-kPZO?utm_source=share&utm_medium=member_desktop,"Wed, 28 Feb 2024",Self discovery.
February,https://www.linkedin.com/posts/coachsrikanth_welcome-you-are-invited-to-join-a-meeting-activity-7168459421969268736-uMXw?utm_source=share&utm_medium=member_desktop,"Wed, 28 Feb 2024",The Entrepreneur Spotlight
February,https://www.linkedin.com/posts/srikanthnd77_getkidstoplay-covidproject-firsttimeauthors-activity-7168802079115857920-Lb_C?utm_source=share&utm_medium=member_desktop,"Thu, 29 Feb 2024",Saumil and Vijay get kids  to play.
February,https://www.linkedin.com/posts/krishnaprakash123_yoga-nidra-and-beta-brain-waves-activity-7168854958056931330-19WO?utm_source=share&utm_medium=member_desktop,"Thu, 29 Feb 2024",Yoga nidra.
March,https://www.linkedin.com/posts/krishnaprakash123_shrimath-bhagwad-gita-krishnas-excellence-activity-7169235792979017728-U11D?utm_source=share&utm_medium=member_desktop,"Fri, 01 Mar 2024 7:43:31",Srimath Bhagwat Geeta Krishna
March,https://www.linkedin.com/posts/krishnaprakash123_indicwisdom-indic-activity-7169582021537677312-tuf6?utm_source=share&utm_medium=member_desktop,"Sat, 02 Mar 2024 6:39:18",Indic Wisdom
March,https://www.linkedin.com/posts/krishnaprakash123_shrimathyoga-selfdiscovery-spiritualgrowth-activity-7169942197809655808-XOAd?utm_source=share&utm_medium=member_desktop,"Sun, 03 Mar 2024 6:30:31",Self Discovery
March,https://www.linkedin.com/posts/krishnaprakash123_pause-pause-pause-activity-7170304456645890048-8U2X?utm_source=share&utm_medium=member_desktop,"Mon, 04 Mar 2024 6:30:00",Pause Acitivity
March,https://www.linkedin.com/posts/krishnaprakash123_research-studies-from-iscm-activity-7170452128526790659-SmAP?utm_source=share&utm_medium=member_desktop,"Mon, 04 Mar 2024 16:16:47",Research studies from ISCM
March,https://www.linkedin.com/posts/krishnaprakash123_pause-indicwisdom-coaching-activity-7170666848173187072-wX1X?utm_source=share&utm_medium=member_desktop,"Tue, 05 Mar 2024 6:30:01",Pause Indic Wisdom
March,https://www.linkedin.com/posts/krishnaprakash123_yoganidra-focus-gamma-activity-7171112590301913088-D6Ma?utm_source=share&utm_medium=member_desktop,"Wed, 06 Mar 2024 12:01:14",How Yog Nidra boosts brain waves?
March,https://www.linkedin.com/posts/krishnaprakash123_awareness-indicwisdom-mindfulness-activity-7171421511990411264--_gN?utm_source=share&utm_medium=member_desktop,"Thu, 07 Mar 2024 8:28:47",Awareness
March,https://www.linkedin.com/posts/april-strong_april-is-my-mentee-and-an-icf-credentialed-activity-7171495024210251779-UfG2?utm_source=share&utm_medium=member_desktop,"Thu, 07 Mar 2024 13:20:53",April Strong
March,https://www.linkedin.com/posts/krishnaprakash123_celebrating-iwd-2024-activity-7171845026405158912-Yp2O?utm_source=share&utm_medium=member_desktop,"Fri, 08 Mar 2024 12:31:40",Celebrating IWD
March,https://www.linkedin.com/posts/coachmallikarao_coaching-leadership-personaldevelopment-activity-7172060956183711744-Owd1?utm_source=share&utm_medium=member_desktop,"Sat, 09 Mar 2024 2:49:42",Personal Development
March,https://www.linkedin.com/posts/krishnaprakash123_shrimath-yogateachertraining-spiritualgrowth-activity-7172565608276897792-Banq?utm_source=share&utm_medium=member_desktop,"Sun, 10 Mar 2024 12:15:00",Srimath Yoga Activity
March,https://www.linkedin.com/posts/krishnaprakash123_communicationcohort-activity-7172840491133202432-Aez1?utm_source=share&utm_medium=member_desktop,"Mon, 11 Mar 2024 6:27:18",Communication
March,https://www.linkedin.com/posts/krishnaprakash123_compassion-coaching-karuna-activity-7173207767048970240--BSY?utm_source=share&utm_medium=member_desktop,"Tue, 12 Mar 2024 6:46:43",Compassion Coaching
March,https://www.linkedin.com/posts/krishnaprakash123_yoganidra-creativity-shrimathyoga-activity-7173566004629790720-KLmw?utm_source=share&utm_medium=member_desktop,"Wed, 13 Mar 2024 6:30:13",Yoganidra
March,https://www.linkedin.com/posts/krishnaprakash123_world-sleep-day-activity-7174297842319077377-tCgU?utm_source=share&utm_medium=member_desktop,"Fri, 15 Mar 2024 6:58:17",World Sleep Day
March,https://www.linkedin.com/posts/krishnaprakash123_internalising-coaching-competencies-through-activity-7174654478611075072-zKQF?utm_source=share&utm_medium=member_desktop,"Sat, 16 Mar 2024 6:35:26",Internalising Coaching
March,https://www.linkedin.com/posts/krishnaprakash123_in-part-3-of-the-ramayana-dating-series-activity-7175271973353107456-yeFr?utm_source=share&utm_medium=member_desktop,"Sat, 16 Mar 2024 6:35:26",Ramayana Dating Series
March,https://www.linkedin.com/posts/krishnaprakash123_lifebydesign-personalempowerment-goalsetting-activity-7175292494979428353-ohHx?utm_source=share&utm_medium=member_desktop,"Mon, 18 Mar 2024 0:50:41",Goal Setting
March,https://www.linkedin.com/posts/krishnaprakash123_communication-aprilstrong-cohort-activity-7175358685899104258-4aXt?utm_source=share&utm_medium=member_desktop,"Mon, 18 Mar 2024 5:13:42",Communication April Strong
March,https://www.linkedin.com/posts/krishnaprakash123_shrimathyoga-ashramliving-indicwisdom-activity-7175377993484185600-08YR?utm_source=share&utm_medium=member_desktop,"Mon, 18 Mar 2024 6:30:25",Srimath Yoga Activity
March,https://www.linkedin.com/posts/krishnaprakash123_silence-pause-activity-7175740357140213760-xfeI?utm_source=share&utm_medium=member_desktop,"Tue, 19 Mar 2024 6:30:19",Slience pause 
March,https://www.linkedin.com/posts/krishnaprakash123_in-part-5-of-the-ramayana-dating-series-activity-7175864983962939393-nPYf?utm_source=share&utm_medium=member_desktop,"Mon, 11 Mar 2024 6:27:18",Ramayana Dating Series
March,https://www.linkedin.com/posts/krishnaprakash123_yoganidra-shrimathyoga-indicwisdom-activity-7176102691289362433-uBWo?utm_source=share&utm_medium=member_desktop,"Wed, 20 Mar 2024 6:30:07",Yoganidra
March,https://www.linkedin.com/posts/krishnaprakash123_sleep-decisionmaking-activity-7176465078538416130-sVWv?utm_source=share&utm_medium=member_desktop,"Thu, 21 Mar 2024 6:30:06",Sleep Decision making
March,https://www.linkedin.com/posts/krishnaprakash123_dharma-activity-7176828164722057216-raNd?utm_source=share&utm_medium=member_desktop,"Fri, 22 Mar 2024 6:32:53",Dharma
March,https://www.linkedin.com/posts/krishnaprakash123_grace-indicwisdom-linkedin-activity-7176897986503827456-XWjq?utm_source=share&utm_medium=member_desktop,"Fri, 22 Mar 2024 11:10:20",Qrace Indic Wisdom
March,https://www.linkedin.com/posts/krishnaprakash123_delhimeetup-portfolio-coach-activity-7177190800898891776-f55L?utm_source=share&utm_medium=member_desktop,"Sat, 23 Mar 2024 6:33:52",delhi meet up
March,https://www.linkedin.com/posts/krishnaprakash123_what-is-communication-communication-cohort-activity-7177247604861251584-QRmy?utm_source=share&utm_medium=member_desktop,"Sat, 23 Mar 2024 10:19:35",Communication 
March,https://www.linkedin.com/posts/krishnaprakash123_shrimathyoga-indicwisdom-selfdiscovery-activity-7177650904458829824-fpCt?utm_source=share&utm_medium=member_desktop,"Sun, 24 Mar 2024 13:02:09",Self discovery
March,https://www.linkedin.com/posts/krishnaprakash123_since-2011-we-have-been-offering-yoga-nidra-activity-7177836277411590144-MSuV?utm_source=share&utm_medium=member_desktop,"Mon, 25 Mar 2024 1:18:46",Yoga Nidra
March,https://www.linkedin.com/posts/krishnaprakash123_holi-sanatan-activity-7177910409029439488-kg5V?utm_source=share&utm_medium=member_desktop,"Mon, 25 Mar 2024 6:13:20",Holi Sanatan
March,https://www.linkedin.com/posts/jayasree-saranathan-2165bb4b_in-part-9-of-the-ramayana-dating-series-activity-7178041873146527744-Jh9B?utm_source=share&utm_medium=member_desktop,"Mon, 25 Mar 2024 14:55:44",Jayasree Saranathan 
March,https://www.linkedin.com/posts/krishnaprakash123_wellbeing-emotionalresilience-selflove-activity-7178238453610942465-5Zce?utm_source=share&utm_medium=member_desktop,"Tue, 26 Mar 2024 3:56:52",Selflove
March,https://www.linkedin.com/posts/krishnaprakash123_importance-of-letter-writing-activity-7178277001730908160-DQmL?utm_source=share&utm_medium=member_desktop,"Tue, 26 Mar 2024 6:30:03",Importance of Letter writing activity
March,https://www.linkedin.com/posts/krishnaprakash123_mindset-coaching-shrimathyoga-activity-7178639478549327872-LoSi?utm_source=share&utm_medium=member_desktop,"Wed, 27 Mar 2024 6:30:24",Mindset Coaching
March,https://www.linkedin.com/posts/krishnaprakash123_yogaforgirls-shrimathyoga-empowerment-activity-7179001807090700289-Wwxs?utm_source=share&utm_medium=member_desktop,"Thu, 28 Mar 2024 6:30:10",Yoga for girls
March,https://www.linkedin.com/posts/krishnaprakash123_characteristics-of-a-sthitha-prajna-activity-7179391274414739457-lD5Y?utm_source=share&utm_medium=member_desktop,"Fri, 29 Mar 2024 8:17:46",Positive well bein
April,https://www.linkedin.com/posts/krishnaprakash123_shrimathyoga-indicwisdom-selfdiscovery-activity-7177650904458829824-fpCt?utm_source=share&utm_medium=member_desktop,"Sun, 24 Mar 2024 13:02:09",Self-Discovery
April,https://www.linkedin.com/posts/krishnaprakash123_coaching-action-indicwisdom-activity-7180813730018988032-nemP?utm_source=share&utm_medium=member_desktop,"Tue, 02 Apr 2024 6:30:06",Indic Wisdom
April,https://www.linkedin.com/posts/krishnaprakash123_shrimaths-yoga-for-girls-activity-7181184055089008640-oo2W?utm_source=share&utm_medium=member_desktop,"Thu, 04 Apr 2024 6:42:17",Yoga for Girls
April,https://www.linkedin.com/posts/krishnaprakash123_musings-on-integrating-indic-wisdom-with-activity-7181541571845087232-1P_u?utm_source=share&utm_medium=member_desktop,"Thu, 04 Apr 2024 6:42:17",Indic Wisdom
April,https://www.linkedin.com/posts/krishnaprakash123_shrimathyoga-yoganidra-yoga-activity-7181991914185895937-G-5Z?utm_source=share&utm_medium=member_desktop,"Fri, 05 Apr 2024 12:31:47",Srimath Yoga Activity
April,https://www.linkedin.com/posts/krishnaprakash123_girlsyoga-shrimathyoga-indicwisdom-activity-7182312529786777601--OTP?utm_source=share&utm_medium=member_desktop,"Sat, 06 Apr 2024 9:45:48",Girls Yoga
April,https://www.linkedin.com/posts/krishnaprakash123_communication-activity-7182988250335076352-wVOX?utm_source=share&utm_medium=member_desktop,"Mon, 08 Apr 2024 6:30:52",Communication 
April,https://www.linkedin.com/posts/krishnaprakash123_based-on-our-podcasts-first-episode-with-activity-7183047669127286785-JvTI?utm_source=share&utm_medium=member_desktop,"Mon, 08 Apr 2024 10:26:58",Podcasts
April,https://www.linkedin.com/posts/krishnaprakash123_coaching-now-competence-activity-7183714020665835520-d5c7?utm_source=share&utm_medium=member_desktop,"Wed, 10 Apr 2024 6:34:49",Coaching
April,https://www.linkedin.com/posts/krishnaprakash123_yoga-activity-7184058561218424833-a0f0?utm_source=share&utm_medium=member_desktop,"Thu, 11 Apr 2024 5:23:54",Yoga Acitivity
April,https://www.linkedin.com/posts/krishnaprakash123_coaching-stress-silence-activity-7184075949691346945-xD15?utm_source=share&utm_medium=member_desktop,"Thu, 11 Apr 2024 6:33:00",Coaching/Self Coaching
April,https://www.linkedin.com/posts/krishnaprakash123_coaching-indicwisdom-overview-activity-7184415048314880000--bo5?utm_source=share&utm_medium=member_desktop,"Fri, 12 Apr 2024 5:00:27",Stress
April,https://www.linkedin.com/posts/krishnaprakash123_ethics-coach-indicwisdom-activity-7184799975871070208-8WDf?utm_source=share&utm_medium=member_desktop,"Sat, 13 Apr 2024 6:30:01",Integerating ICF Competencies and Indic Wisdom
April,https://www.linkedin.com/posts/krishnaprakash123_yoganidra-indiatravel-ashramliving-activity-7185585212406337536-NLHN?utm_source=share&utm_medium=member_desktop,"Mon, 15 Apr 2024 10:30:16",The Gita of Coaching
April,https://www.linkedin.com/posts/krishnaprakash123_indicwisdom-coach-leader-activity-7185981263583838208-vtWS?utm_source=share&utm_medium=member_desktop,"Tue, 16 Apr 2024 12:44:02",Shrimath Yoga
April,https://www.linkedin.com/posts/krishnaprakash123_the-jewels-of-shri-ramas-legacy-activity-7186249560166432768-oqEO?utm_source=share&utm_medium=member_desktop,"Wed, 17 Apr 2024 6:30:09",Leadership/Coaching
April,https://www.linkedin.com/posts/krishnaprakash123_genes-summer-hydration-activity-7186582448686657538-BfHX?utm_source=share&utm_medium=member_desktop,"Thu, 18 Apr 2024 4:32:56",Jewels of Shri Rama
April,https://www.linkedin.com/posts/krishnaprakash123_yoga-nidra-and-stress-activity-7186625814120030208-bSBj?utm_source=share&utm_medium=member_desktop,"Thu, 18 Apr 2024 7:25:15",Yoga Nidra
April,https://www.linkedin.com/posts/krishnaprakash123_bhagavadgita-indicwisdom-anger-activity-7186975300868550657-WG0R?utm_source=share&utm_medium=member_desktop,"Fri, 19 Apr 2024 6:33:59",Akrodha
April,https://www.linkedin.com/posts/krishnaprakash123_fellow-seeker-book-launch-activity-7187342817524957184-ZPA0?utm_source=share&utm_medium=member_desktop,"Sat, 20 Apr 2024 6:54:22",Fellow Seeker
April,https://www.linkedin.com/posts/krishnaprakash123_at-shrimath-yoga-nestled-amidst-the-serenity-activity-7188072593952780289-ggsV?utm_source=share&utm_medium=member_desktop,"Mon, 22 Apr 2024 7:14:14",Shrimath Yoga
April,https://www.linkedin.com/posts/krishnaprakash123_indicwisdom-leadership-coaching-activity-7188787419121434625-AANJ?utm_source=share&utm_medium=member_desktop,"Wed, 24 Apr 2024 6:34:41",True Listening
April,https://www.linkedin.com/posts/krishnaprakash123_pause-tapas-awareness-activity-7189528682825240577-onmb?utm_source=share&utm_medium=member_desktop,"Fri, 26 Apr 2024 7:40:12",Tapas Awareness
April,https://www.linkedin.com/posts/krishnaprakash123_fellowseeker-casestudies-activity-7189650077026603008-86j8?utm_source=share&utm_medium=member_desktop,"Fri, 26 Apr 2024 15:42:35",Fellow Seeker
April,https://www.linkedin.com/posts/krishnaprakash123_yoga-nidra-and-emotional-intelligence-activity-7189873445210394625-JUIw?utm_source=share&utm_medium=member_desktop,"Sat, 27 Apr 2024 6:30:10",Yoga Nidra
April,https://www.linkedin.com/posts/krishnaprakash123_fellow-seeker-ideas-activity-7190235934951387136-JOtp?utm_source=share&utm_medium=member_desktop,"Sun, 28 Apr 2024 6:30:35",Ever wondered where ideas come from?
April,https://www.linkedin.com/posts/krishnaprakash123_coaching-mentoring-indicwisdom-activity-7190645165772922880-CKzb?utm_source=share&utm_medium=member_desktop,"Mon, 29 Apr 2024 9:36:43",Bangalore Meet-up
April,https://www.linkedin.com/posts/krishnaprakash123_smell-taste-form-touch-and-sound-are-the-activity-7190960571859542016-6_hY?utm_source=share&utm_medium=member_desktop,"Tue, 30 Apr 2024 6:30:01",Indic Wisdom
April, https://www.linkedin.com/posts/krishnaprakash123_yoga-nidra-booklet-activity-7180561503203328001-bNor?utm_source=share&utm_medium=member_desktop ,"Mon, 01 Apr 2024 13:47:50",Yoga Nidra
May,https://www.linkedin.com/posts/krishnaprakash123_yoganidra-worldrecord-shrimathyoga-activity-7202254182324592641-ny4b?utm_source=share&utm_medium=member_desktop,31 May 2024 10:26:48,ùóóùóº ùòÜùóºùòÇ ùòÑùóÆùóªùòÅ ùòÅùóº ùóØùó≤ ùóΩùóÆùóøùòÅ ùóºùó≥ ùóÆ ùó™ùó¢ùó•ùóüùóó ùó•ùóòùóñùó¢ùó•ùóó? tell why to join yoga nidra
May,https://www.linkedin.com/posts/krishnaprakash123_bhagavadgita-indicwisdom-shrimathyoga-activity-7201855097675419649-30Gf?utm_source=share&utm_medium=member_desktop,30 May 2024 8:00:59,Exploring ƒÄrjavam from the Bhagavad Gita offers profound insights into living with integrity and authenticity.
May,https://www.linkedin.com/posts/krishnaprakash123_experience-the-benefits-of-yoga-nidra-activity-7201472405465161728-f3FV?utm_source=share&utm_medium=member_desktop,29 May 2024 6:40:18,Yoga Nidra offers a serene pathway to manage stress and nurture goals with calm clarity. he post's invitation to explore and benefit from Yoga Nidra practice.
May,https://www.linkedin.com/posts/krishnaprakash123_practice-silence-pause-activity-7201122687992160258-EfM0?utm_source=share&utm_medium=member_desktop,28 May 2024 7:30:39,the essence of the post's narrative while inviting readers to engage with the upcoming Coaching Competencies course.
May,https://www.linkedin.com/posts/krishnaprakash123_spiritualsymbolism-enlightenment-interconnectedness-activity-7200855954953785344-r0Fr?utm_source=share&utm_medium=member_desktop,27 May 2024 13:50:45,share Vedanta Wisdom Trust video 
May,https://www.linkedin.com/posts/krishnaprakash123_shrimathyoga-indicwisdom-selfdiscovery-activity-7200771911549661184-getc/?utm_source=share&utm_medium=member_desktop,27 May 2024 8:16:47,"Experience Shrimath Yoga's holistic retreats, blending ancient wisdom with modern practices for personal growth and community, featuring serene settings, deep teachings, and nourishing vegetarian meals."
May,https://www.linkedin.com/posts/krishnaprakash123_yoga-stressrelief-shrimathyoga-activity-7200086957035593728-_d6E/?utm_source=share&utm_medium=member_desktop,25 May 2024 10:55:01,"Dive into the ancient practice of Matsya Mudra‚Äîa serene Yoga gesture known for promoting relaxation, mental clarity, and intuition. Discover its hidden benefits and experience the calm of gliding through water."
May,https://www.linkedin.com/posts/krishnaprakash123_world-meditation-day-2024-activity-7199676297374048256-KMxd?utm_source=share&utm_medium=member_desktop,24 May 2024 7:43:12,"guided readers in establishing a morning meditation routine to enhance mental clarity, productivity, and emotional well-being."
May,https://www.linkedin.com/posts/krishnaprakash123_bhagavadgita-ahimsa-dharma-activity-7199361393567936513-m2RH?utm_source=share&utm_medium=member_desktop,23 May 2024 10:51:53,"discussed the Bhagavad Gita's perspective on Ahimsa is to explore how it guides individuals to integrate non-violence into their lives through compassion and detached action, addressing moral dilemmas and emphasizing the importance of fulfilling one's duty (Dharma) with clarity and righteousness."
May,https://www.linkedin.com/posts/krishnaprakash123_benefits-of-long-term-yoga-nidra-practice-activity-7198947596730523648-G_-5?utm_source=share&utm_medium=member_desktop,22 May 2024 7:27:37,"highlighted the therapeutic benefits of integrating an 18-minute Yoga Nidra practice into daily routines, focusing on mental relaxation, stress reduction, enhanced focus, and overall well-being."
May,https://www.linkedin.com/posts/krishnaprakash123_coaching-training-leadership-activity-7198585783857946624-WtzI?utm_source=share&utm_medium=member_desktop,21 May 2024 7:29:54, explained the reflective role of a coach using an analogy and to invite readers to book a discovery call.
May,https://www.linkedin.com/posts/krishnaprakash123_conversation-aprilstrong-lifelonglearning-activity-7198212968398954496-dZgv/?utm_source=share&utm_medium=member_desktop,20 May 2024 6:48:27,mentioned that challenge common beliefs about communication and highlight the transformative learning and networking benefits of the Conversation Mastery cohort led by April Strong.
May,https://www.linkedin.com/posts/krishnaprakash123_retreat-energy-anabolic-activity-7197926562917212160-pko1?utm_source=share&utm_medium=member_desktop,19 May 2024 11:50:23,honoured to host your retreat Deepa Mahesh
May,https://www.linkedin.com/posts/krishnaprakash123_shrimathyoga-yogaretreat-ashramliving-activity-7197484531753361408-pazs?utm_source=share&utm_medium=member_desktop,18 May 2024 6:33:55,"highlighted the transformative journey offered by Shrimath Yoga, emphasizing its serene environment, dedicated teaching, nourishing meals, and the sense of community, while inviting readers to experience authentic ashram living and holistic well-being."
May,https://www.linkedin.com/posts/krishnaprakash123_yogamudra-mudra-shrimathyoga-activity-7197111955923349505-gR9h?utm_source=share&utm_medium=member_desktop,17 May 2024 5:53:26,"introduced the benefits of Yoga Mudras, particularly Kamala Mudra and Shankha Mudra, for cultivating inner peace and mental well-being, while encouraging readers to integrate these practices into their daily routines and explore further on the Shrimath Yoga website."
May,https://www.linkedin.com/posts/krishnaprakash123_unlock-core-strengths-for-a-fulfilling-career-activity-7196759595187322881-7LAr?utm_source=share&utm_medium=member_desktop,16 May 2024 6:33:16,"emphasized the importance of self-discovery in finding fulfilling work that energizes and aligns with one's unique strengths, inviting readers to take action"
May,https://www.linkedin.com/posts/krishnaprakash123_%3F%3F%3F%3F-%3F%3F%3F%3F%3F-an-ancient-practice-activity-7196405177455648768-SaZn?utm_source=share&utm_medium=member_desktop,15 May 2024 7:04:57,"introduce Yoga Nidra as an effective ancient practice for quieting mental chatter, improving concentration, and reducing stress, while encouraging readers to incorporate it into their daily routines for enhanced productivity and well-being."
May,https://www.linkedin.com/posts/krishnaprakash123_cause-activity-7196049084166680576-SLQ6?utm_source=share&utm_medium=member_desktop,14 May 2024 7:29:57,"emphasize the importance of establishing partnerships based on pure intent and mutual respect, using insights from Indic Wisdom, and to encourage readers to join the next cohort to strengthen their personal and professional relationships."
May,https://www.linkedin.com/posts/krishnaprakash123_indicwisdom-shrimathyoga-adisankara-activity-7195656540954005504-98Ps?utm_source=share&utm_medium=member_desktop,13 May 2024 5:30:08,"introduced Adi Sankara, highlighting his transformative impact on spirituality, philosophy, and cultural practices, while emphasizing his respect for women and motherhood, and to celebrate his profound influence on integrating ancient wisdom into daily life."
May,https://www.linkedin.com/posts/krishnaprakash123_dharma-bhagavadgita-truth-activity-7194973071496126464-RK4a?utm_source=share&utm_medium=member_desktop,11 May 2024 8:14:16,"highlighted how traditional Satya transcends simple honesty and aligns with Dharma, offering practices from the Bhagavad Gita to integrate this deeper truth into daily life."
May,https://www.linkedin.com/posts/krishnaprakash123_yoganidra-worldrecord-yoganidra-activity-7194620208513179648-2TRL?utm_source=share&utm_medium=member_desktop,10 May 2024 8:52:07, Invited readers to participate in a world record attempt for Yoga Nidra practice on Akshaya Tritiya to harness cosmic abundance and improve well-being.
May,https://www.linkedin.com/posts/krishnaprakash123_pranayama-aprilstrong-mindfulness-activity-7194329206716047363-rzgL?utm_source=share&utm_medium=member_desktop,9 May 2024 13:35:47,appriciated the post which was shared by april strong page
May,https://www.linkedin.com/posts/krishnaprakash123_yajna-soulspa-activity-7193856367256879104-flm9?utm_source=share&utm_medium=member_desktop,8 May 2024 6:16:53,"Highlighted the significance of maintaining a spiritual practice and its transformative effects over a sustained period, emphasizing the journey and growth experienced through consistent practice."
May,https://www.linkedin.com/posts/krishnaprakash123_linkedin-action-activity-7193575379104681984-tvdK?utm_source=share&utm_medium=member_desktop,7 May 2024 11:40:20,"Expressed gratitude and joy to the LinkedIn community for their support in making the ""Integrating ICF Coaching Competencies and Indic Wisdom"" cohort a success"
May,https://www.linkedin.com/posts/krishnaprakash123_yoganidra-indiatravel-ashramliving-activity-7193134938165047296-l7Y2?utm_source=share&utm_medium=member_desktop,6 May 2024 6:30:11,"Highlighted the unique aspects of Shrimath Yoga's programs and workshops, emphasizing how they provide a transformative experience for personal growth, cultural exchange, and reconnection with oneself."
May,https://www.linkedin.com/posts/krishnaprakash123_pause-pause-mindfulness-activity-7192421085928169474-dpRv?utm_source=share&utm_medium=member_desktop,4 May 2024 7:13:35,"Introduced Yoni Mudra as a simple yet powerful practice for improving focus, enhancing listening skills, and reducing stress, encouraging readers to experience its benefits for greater inner peace."
May,https://www.linkedin.com/posts/krishnaprakash123_feedback-indicwisdom-dharma-activity-7192041048980754432-YvWf?utm_source=share&utm_medium=member_desktop,3 May 2024 6:03:27,"Reflect on the transformative experience and growth gained through the ICF ACC cohort with Coach Srikanthan, emphasizing the value of feedback, vulnerability,"
May,https://www.linkedin.com/posts/krishnaprakash123_innersilence-indickrishna-indicwisdom-activity-7191700062106738688-B9bz?utm_source=share&utm_medium=member_desktop,2 May 2024 7:28:30,"Announced the integration of Tantra-based Inner Silence practices into the cohort, highlight the ongoing 102-day daily practice, and express gratitude for the support and validation received from Swami Mukti."
May,https://www.linkedin.com/posts/krishnaprakash123_yoga-nidra-ancient-ally-for-modern-challenges-activity-7191403544543916032-Y53V?utm_source=share&utm_medium=member_desktop,1 May 2024 11:50:14,"Promoted the benefits of Yoga Nidra for stress reduction, enhanced focus, and productivity, and announce the availability of online courses starting on the 9th of every month."
June,https://www.linkedin.com/posts/krishnaprakash123_mudra-indicwisdom-yogainspiration-activity-7213071678761840640-C-jm?utm_source=share&utm_medium=member_desktop,30 Jun 2024 6:51:40,ùó™ùóµùóÆùòÅ ùó∂ùòÄ ùó£ùóøùóÆùóªùóÆ ùó†ùòÇùó±ùóøùóÆ? detailed info guided
June,https://www.linkedin.com/posts/krishnaprakash123_yoganidra-shrimathyoga-mindfulness-activity-7212341506676805634-VSor?utm_source=share&utm_medium=member_desktop,28 Jun 2024 6:30:14,provided the information of desires. how we can can manage it 
June,https://www.linkedin.com/posts/krishnaprakash123_yoganidra-stressrelief-shrimathyoga-activity-7211632862201094144-aNnQ?utm_source=share&utm_medium=member_desktop,26 Jun 2024 7:34:20,told benifits of yoga nidra
June,https://www.linkedin.com/posts/krishnaprakash123_coaching-pcc-shrimathyoga-activity-7211269848461377538-bSxO?utm_source=share&utm_medium=member_desktop,25 Jun 2024 7:31:50,International Coaching Federation ACC program informartion porovided
June,https://www.linkedin.com/posts/krishnaprakash123_mudra-indicwisdom-innerpeace-activity-7210993021641740288-7-In?utm_source=share&utm_medium=member_desktop,24 Jun 2024 13:11:50,Thanks to Sandeep as he saw value in our post 
June,https://www.linkedin.com/posts/krishnaprakash123_shrimathyoga-indicwisdom-selfdiscovery-activity-7210891922922459136-hACt?utm_source=share&utm_medium=member_desktop,24 Jun 2024 6:30:06,taled about Shrimath Yoga place
June,https://www.linkedin.com/posts/krishnaprakash123_mudra-indicwisdom-innerpeace-activity-7210268015441981442-qIGL?utm_source=share&utm_medium=member_desktop,22 Jun 2024 13:10:55,"ùó¶ùó∂ùòÖ-ùó≥ùóÆùó∞ùó≤ùó± ùó†ùòÇùó±ùóøùóÆ"" ùóºùóø ""ùóñùóπùóºùòÄùó∂ùóªùó¥ ùòÅùóµùó≤ ùó¶ùó∂ùòÖ ùóöùóÆùòÅùó≤ùòÄ, information shared"
June,https://www.linkedin.com/posts/krishnaprakash123_communicationskills-publicspeaking-masterclass-activity-7210208933850828800-YwSw?utm_source=share&utm_medium=member_desktop,22 Jun 2024 9:16:09,"thanks April Strong,  ACC (ICF) for organising the much needed cohort on Conversation Mastery."
June,https://www.linkedin.com/posts/krishnaprakash123_yoga-nidra-activity-7209806477929119744-GJPX?utm_source=share&utm_medium=member_desktop,"Fri, 21 Jun 2024 6:36:56",Unlock the  deep relaxation & your true potential with Yoga Nidra
June,https://www.linkedin.com/posts/krishnaprakash123_walk-indicwisdom-shrimathyoga-activity-7209576546980757504-zjGp?utm_source=share&utm_medium=member_desktop,"Thu, 20 Jun 2024 15:23:16", talked about 2 New Moons in same month
June,https://www.linkedin.com/posts/krishnaprakash123_communication-aprilstrong-conversation-activity-7209532520856526848-cVCu?utm_source=share&utm_medium=member_desktop,"Thu, 20 Jun 2024 12:28:19",successful Conversation Mastery cohort
June,https://www.linkedin.com/posts/krishnaprakash123_yogaday-internationalyogaday-activity-7209522349182783488-jTDm?utm_source=share&utm_medium=member_desktop,"Thu, 20 Jun 2024 11:47:54",shared post on Yoga Nidra.
June,https://www.linkedin.com/posts/krishnaprakash123_indicwisdom-shrimathyoga-charity-activity-7209464811611410432-alkw?utm_source=share&utm_medium=member_desktop,"Thu, 20 Jun 2024 7:59:16",ùóõùóºùòÑ ùó∞ùóÆùóª ùòÑùó≤ ùó∞ùóºùóªùòÄùó∞ùó∂ùóºùòÇùòÄùóπùòÜ ùó∞ùóºùóªùòÉùó≤ùóøùòÅ ùòÅùóµùó∂ùòÄ ùóæùòÇùóÆùóπùó∂ùòÅùòÜ ùó∂ùóªùòÅùóº ùó∂ùòÅùòÄ ùóΩùòÇùóøùó≤ùòÄùòÅ ùó≥ùóºùóøùó∫?
June,https://www.linkedin.com/feed/update/urn:li:activity:7209352504810106880?utm_source=share&utm_medium=member_desktop,"Thu, 20 Jun 2024 0:33:00",Krishna Prakash reposted this Brain Expansion Group post
June,https://www.linkedin.com/posts/krishnaprakash123_yoganidra-stressrelief-shrimathyoga-activity-7209082891916451840-BEJi?utm_source=share&utm_medium=member_desktop,"Wed, 19 Jun 2024 6:41:39",ùó™ùóµùòÜ ùó¨ùóºùó¥ùóÆ ùó°ùó∂ùó±ùóøùóÆ?
June,https://www.linkedin.com/posts/krishnaprakash123_coaching-action-indicwisdom-activity-7208717597356228608-Ljyl/?utm_source=share&utm_medium=member_desktop,"Tue, 18 Jun 2024 6:42:56",summurize Indic Wisdom
June,https://www.linkedin.com/feed/update/urn:li:activity:7208622604323020801?utm_source=share&utm_medium=member_desktop,"Tue, 18 Jun 2024 0:12:38",Krishna Prakash reposted Yoga: Travel & Workshops post
June,https://www.linkedin.com/posts/krishnaprakash123_yoga-nidra-world-record-activity-7208362452017643520-DEsQ?utm_source=share&utm_medium=member_desktop,"Mon, 17 Jun 2024 6:58:53",share the worl record acheivement of Yoga Nidra
June,https://www.linkedin.com/posts/krishnaprakash123_yoga-nidra-world-record-activity-7207965086672441344-T6kk?utm_source=share&utm_medium=member_desktop,"Sun, 16 Jun 2024 4:39:54",ùó®ùóªùóπùóºùó∞ùó∏ ùòÅùóµùó≤ ùòÄùó≤ùó∞ùóøùó≤ùòÅùòÄ ùóºùó≥ ùòÄùó≤ùóøùó≤ùóªùó∂ùòÅùòÜ ùóßùó¢ùóóùóîùó¨ ùòÅùóµùóøùóºùòÇùó¥ùóµ ùó¨ùóºùó¥ùóÆ ùó°ùó∂ùó±ùóøùóÆ
June,https://www.linkedin.com/posts/krishnaprakash123_yoganidra-shrimathyoga-worldrecord-activity-7207595242391232512-zlU1?utm_source=share&utm_medium=member_desktop,"Sat, 15 Jun 2024 4:10:16",ùó™ùóµùóÆùòÅ ùóÆùóøùó≤ ùòÅùóµùó≤ ùóØùó≤ùóªùó≤ùó≥ùó∂ùòÅùòÄ ùóºùó≥ ùóÆ ùó±ùóÆùó∂ùóπùòÜ ùó¨ùóºùó¥ùóÆ ùó°ùó∂ùó±ùóøùóÆ ùóΩùóøùóÆùó∞ùòÅùó∂ùó∞ùó≤
June,https://www.linkedin.com/posts/krishnaprakash123_yoganidra-shrimathyoga-worldrecord-activity-7207270904848867328--mLm?utm_source=share&utm_medium=member_desktop,"Fri, 14 Jun 2024 6:41:28",5 broad ways to fit Yoga Nidra into our hectic lifestyle
June,https://www.linkedin.com/posts/krishnaprakash123_what-is-yoga-nidra-activity-7206909724267585537-cm27?utm_source=share&utm_medium=member_desktop,"Thu, 13 Jun 2024 6:46:16",Why Yoga Nidra? 
June,https://www.linkedin.com/posts/krishnaprakash123_yoganidra-shrimathyoga-worldrecord-activity-7206544106414612482-CipL?utm_source=share&utm_medium=member_desktop,"Wed, 12 Jun 2024 6:33:26",share the post to update the event timr and for registration
June,https://www.linkedin.com/posts/krishnaprakash123_worldrecord-yoganidra-shrimathyoga-activity-7206244754613817344-GlIR?utm_source=share&utm_medium=member_desktop,"Tue, 11 Jun 2024 10:43:55",The institution would be supporting us in this endeavour.
June,https://www.linkedin.com/posts/krishnaprakash123_yoganidra-shrimathyoga-worldrecord-activity-7206181438495313920-1YFo?utm_source=share&utm_medium=member_desktop,"Tue, 11 Jun 2024 6:32:19",Here's a glimpse into what a daily Yoga Nidra practice can do for us:
June,https://www.linkedin.com/posts/krishnaprakash123_yoganidra-shrimathyoga-indicwisdom-activity-7205817407091740672-Jc2-?utm_source=share&utm_medium=member_desktop,"Mon, 10 Jun 2024 6:25:47",Here‚Äôs how ùó¨ùóºùó¥ùóÆ ùó°ùó∂ùó±ùóøùóÆ empowers us to master our emotions:
June,https://www.linkedin.com/posts/krishnaprakash123_energy-driven-leadership-masterclass-activity-7205198067258597377-tK4j?utm_source=share&utm_medium=member_desktop,"Sat, 08 Jun 2024 13:24:45",shared the post of  Deepa Mahesh
June,https://www.linkedin.com/posts/krishnaprakash123_mudra-indicwisdom-shrimathyoga-activity-7205099775564627969-MVII?utm_source=share&utm_medium=member_desktop,"Sat, 08 Jun 2024 6:54:10",ùóõùóºùòÑ ùòÅùóº ùó£ùó≤ùóøùó≥ùóºùóøùó∫ ùóîùó±ùó∂ ùó†ùòÇùó±ùóøùóÆ:
June,https://www.linkedin.com/posts/krishnaprakash123_practice-relaxation-indicwisdom-activity-7204722532959080448-A_uW?utm_source=share&utm_medium=member_desktop,"Fri, 07 Jun 2024 5:55:09",ùó¨ùóºùó¥ùó∂ùó∞ ùòÄùóπùó≤ùó≤ùóΩ
June,https://www.linkedin.com/posts/krishnaprakash123_dharma-bhagavadgita-indicwisdom-activity-7204367304011169792-P_Jq/?utm_source=share&utm_medium=member_desktop,"Thu, 06 Jun 2024 6:23:35",The word ùóóùóµùóÆùóøùó∫ùóÆ is not merely about following religious rules
June,https://www.linkedin.com/posts/krishnaprakash123_yoganidra-corporatewellness-stress-activity-7204010513897299969-9ta2/?utm_source=share&utm_medium=member_desktop,05 Jun 2024 6:45:50,how Yoga Nidra can empower the corporate sector
June,https://www.linkedin.com/posts/krishnaprakash123_world-bicycle-day-activity-7203284476808822786-n8Fw?utm_source=share&utm_medium=member_desktop,"Tue, 04 Jun 2024 8:09:22",share informationation world cyclic day
June,https://www.linkedin.com/posts/krishnaprakash123_pranayama-meditation-shrimathyoga-activity-7202646029786112000-5899?utm_source=share&utm_medium=member_desktop,"Sat, 01 Jun 2024 12:23:52",learn a couple of Pranayama techniques.
June,https://www.linkedin.com/posts/krishnaprakash123_karma-linkedin-indicwisdom-activity-7202851857042481155-bFC4?utm_source=share&utm_medium=member_desktop,"Sun, 02 Jun 2024 2:01:45",shared depth of knowledge and passion of Indic wisdom (karma)
June,https://www.linkedin.com/posts/krishnaprakash123_pranayama-meditation-shrimathyoga-activity-7202646029786112000-5899/?utm_source=share&utm_medium=member_desktop,"Sat, 01 Jun 2024 12:23:52",share the information about pranayama-meditation and technique to prevent anxiety
July,https://www.linkedin.com/posts/krishnaprakash123_yoganidra-shrimathyoga-yoganidra-activity-7221106530677354496-RcXk/?utm_source=share&utm_medium=member_desktop,"Mon, 22 Jul 2024 10:59:18",Why Yoga Nidra? 
July,https://www.linkedin.com/posts/krishnaprakash123_guru-poornima-satsang-2024-activity-7220707654103359488-ubSy?utm_source=share&utm_medium=member_desktop,"Sun, 21 Jul 2024 8:34:18",Talk about guru purnima and full day Yoga ie SARVAARTHA YOGA.
July,https://www.linkedin.com/feed/update/urn:li:activity:7220395706824499200?utm_source=share&utm_medium=member_desktop,"Sat, 20 Jul 2024 11:54:44","Batch 2 start date info (""Guru poornima"")"
July,https://www.linkedin.com/posts/krishnaprakash123_gayatri-indicwisdom-shrimathyoga-activity-7220395676076056578-elpr/?utm_source=share&utm_medium=member_desktop ,"Sat, 20 Jul 2024 11:54:37","Batch 2 start date info (""Guru poornima"")"
July,https://www.linkedin.com/feed/update/urn:li:activity:7219995648555720704?utm_source=share&utm_medium=member_desktop,"Fri, 19 Jul 2024 9:25:03",Post for Guru Poornima
July,https://www.linkedin.com/posts/krishnaprakash123_dharma-guru-shrimathyoga-activity-7219995617270407171-Hy0J/?utm_source=share&utm_medium=member_desktop,"Fri, 19 Jul 2024 9:24:56",Talk about Guru purnima 
July,https://www.linkedin.com/posts/krishnaprakash123_resources-shrimath-yoga-activity-7219236411932037122-5R8c?utm_source=share&utm_medium=member_desktop,"Wed, 17 Jul 2024 7:08:07",Facalities offered by srimath yoga
July,https://www.linkedin.com/posts/bhavananiab_admission-to-iscm-activity-7218984228800061441-u2hd?utm_source=share&utm_medium=member_desktop,"Tue, 16 Jul 2024 14:26:02",Post for addmission in music therapy and yoga therapy
July,https://www.linkedin.com/posts/krishnaprakash123_leadership-coaching-indicwisdom-activity-7218909172619259905-1MEK?utm_source=share&utm_medium=member_desktop,"Tue, 16 Jul 2024 9:27:47",Post for Krishna Prakash
July,https://www.linkedin.com/posts/vinay-prashant-3565906_marketing-internship-at-tamaala-art-merchandise-activity-7218606842166304768-BLN1?utm_source=share&utm_medium=member_desktop,"Mon, 15 Jul 2024 13:26:26",repost vinay prashant post
July,https://www.linkedin.com/posts/krishnaprakash123_yoganidra-shrimathyoga-yoganidra-activity-7218557797490204672-eAwn?utm_source=share&utm_medium=member_desktop,"Mon, 15 Jul 2024 10:11:33",about srimath yoga
July,https://www.linkedin.com/posts/krishnaprakash123_innersilence-shrimathyoga-retreat-activity-7218195901033402368-8z43?utm_source=share&utm_medium=member_desktop,"Sun, 14 Jul 2024 10:13:30",Post about silence in life
July,https://www.linkedin.com/posts/krishnaprakash123_family-history-dindigul-activity-7217310907813494788-5dND/?utm_source=share&utm_medium=member_desktop,"Thu, 11 Jul 2024 23:36:51",Post about family importance and how srimath yoga helps
July,https://www.linkedin.com/posts/krishnaprakash123_coaching-indicwisdom-competency-activity-7217092417076834304-jKWK?utm_source=share&utm_medium=member_desktop,"Thu, 11 Jul 2024 9:08:39",post about listening 
July,https://www.linkedin.com/posts/jayasree-saranathan-2165bb4b_my-dating-is-based-on-ramayana-dr-jayasree-activity-7216862310978502657-DSpl/?utm_source=share&utm_medium=member_desktop,"Wed, 10 Jul 2024 17:54:17",reposted Jayasree Saranathan post
July,https://www.linkedin.com/posts/krishnaprakash123_connect-deeply-through-yoga-nidra-activity-7216693953809514496--Uxq?utm_source=share&utm_medium=member_desktop,"Wed, 10 Jul 2024 6:45:18",post about emotional intelligence
July,https://www.linkedin.com/posts/krishnaprakash123_indicwisdom-coaching-shrimathyoga-activity-7216336218807025665-RM_1?utm_source=share&utm_medium=member_desktop,"Tue, 09 Jul 2024 7:03:47",about program  - ùêàùêßùê≠ùêûùê†ùê´ùêöùê≠ùê¢ùêßùê† ùêÇùê®ùêöùêúùê°ùê¢ùêßùê† ùêÇùê®ùê¶ùê©ùêûùê≠ùêûùêßùêúùê¢ùêûùê¨ ùê∞ùê¢ùê≠ùê° ùêàùêßùêùùê¢ùêú ùêñùê¢ùê¨ùêùùê®ùê¶
July,https://www.linkedin.com/posts/krishnaprakash123_yoganidra-shrimathyoga-ashramliving-activity-7216084994765598720-uK_c/?utm_source=share&utm_medium=member_desktop,"Mon, 08 Jul 2024 14:25:31",post for srimath yoga
July,https://www.linkedin.com/posts/krishnaprakash123_fellow-seeker-prayer-activity-7215700833630347264-N5y9?utm_source=share&utm_medium=member_desktop,"Sun, 07 Jul 2024 12:58:59",post for ancient power and prayer
July,https://www.linkedin.com/posts/krishnaprakash123_yoganidra-productivity-shrimathyoga-activity-7214932427264122881-08bT?utm_source=share&utm_medium=member_desktop,"Fri, 05 Jul 2024 10:05:37",post about srimath yoga and its batch starting date
July,https://www.linkedin.com/posts/krishnaprakash123_coaching-indicwisdom-activity-7214520454236053504-NR-O?utm_source=share&utm_medium=member_desktop,"Thu, 04 Jul 2024 6:48:35",post for coaching education importance.
July,https://www.linkedin.com/posts/krishnaprakash123_coaching-leadership-indicwisdom-activity-7213838269476667392-ew2L?utm_source=share&utm_medium=member_desktop,"Tue, 02 Jul 2024 9:37:50",session on comparison of world with krishna prakash and april strong
July,https://www.linkedin.com/posts/rishihood_rishihooduniversity-humansciences-iks-activity-7213429240954769408-FWnQ?utm_source=share&utm_medium=member_desktop,"Mon, 01 Jul 2024 6:32:30",Reposted the post of Rishihood University
July,https://www.linkedin.com/posts/krishnaprakash123_shrimathyoga-indicwisdom-selfdiscovery-activity-7213428625268690944-gyeh?utm_source=share&utm_medium=member_desktop,"Mon, 01 Jul 2024 6:30:03",post about srimath yoga